Question	Answer	Source	Metadata
What type of Pokémon is Turtwig?	Turtwig is a grass Pokémon.	https://pokeapi.co/api/v2/pokemon/388	{}
How tall is Turtwig?	Turtwig is 0.4 meters tall.	https://pokeapi.co/api/v2/pokemon/388	{}
Where can I find a Turtwig?	The location of Turtwig is unknown.	https://pokeapi.co/api/v2/pokemon/388	{}
How much does Turtwig weigh?	The average Turtwig is about 10.2 kilograms.	https://pokeapi.co/api/v2/pokemon/388	{}
What color is a Turtwig?	Usually, Turtwig is green.	https://pokeapi.co/api/v2/pokemon/388	{}
Tell me about Turtwig.	It undertakes photosynthesis with its body, making
oxygen. The leaf on its head wilts if it is thirsty.	https://pokeapi.co/api/v2/pokemon/388	{}
What type of Pokémon is Grotle?	Grotle is a grass Pokémon.	https://pokeapi.co/api/v2/pokemon/389	{}
How tall is Grotle?	Grotle is 1.1 meters tall.	https://pokeapi.co/api/v2/pokemon/389	{}
Where can I find a Grotle?	The location of Grotle is unknown.	https://pokeapi.co/api/v2/pokemon/389	{}
How much does Grotle weigh?	The average Grotle is about 97 kilograms.	https://pokeapi.co/api/v2/pokemon/389	{}
What color is a Grotle?	Usually, Grotle is green.	https://pokeapi.co/api/v2/pokemon/389	{}
Tell me about Grotle.	It knows where pure water wells up. It carries fellow
Pokémon there on its back.	https://pokeapi.co/api/v2/pokemon/389	{}
What type of Pokémon is Torterra?	Torterra is a ground/grass Pokémon.	https://pokeapi.co/api/v2/pokemon/390	{}
How tall is Torterra?	Torterra is 2.2 meters tall.	https://pokeapi.co/api/v2/pokemon/390	{}
Where can I find a Torterra?	The location of Torterra is unknown.	https://pokeapi.co/api/v2/pokemon/390	{}
How much does Torterra weigh?	The average Torterra is about 310 kilograms.	https://pokeapi.co/api/v2/pokemon/390	{}
What color is a Torterra?	Usually, Torterra is green.	https://pokeapi.co/api/v2/pokemon/390	{}
Tell me about Torterra.	Small Pokémon occasionally gather on its unmoving
back to begin building their nests.	https://pokeapi.co/api/v2/pokemon/390	{}
What type of Pokémon is Chimchar?	Chimchar is a fire Pokémon.	https://pokeapi.co/api/v2/pokemon/391	{}
How tall is Chimchar?	Chimchar is 0.5 meters tall.	https://pokeapi.co/api/v2/pokemon/391	{}
Where can I find a Chimchar?	The location of Chimchar is unknown.	https://pokeapi.co/api/v2/pokemon/391	{}
How much does Chimchar weigh?	The average Chimchar is about 6.2 kilograms.	https://pokeapi.co/api/v2/pokemon/391	{}
What color is a Chimchar?	Usually, Chimchar is brown.	https://pokeapi.co/api/v2/pokemon/391	{}
Tell me about Chimchar.	The gas made in its belly burns from its rear end.
The fire burns weakly when it feels sick.	https://pokeapi.co/api/v2/pokemon/391	{}
What type of Pokémon is Monferno?	Monferno is a fighting/fire Pokémon.	https://pokeapi.co/api/v2/pokemon/392	{}
How tall is Monferno?	Monferno is 0.9 meters tall.	https://pokeapi.co/api/v2/pokemon/392	{}
Where can I find a Monferno?	The location of Monferno is unknown.	https://pokeapi.co/api/v2/pokemon/392	{}
How much does Monferno weigh?	The average Monferno is about 22 kilograms.	https://pokeapi.co/api/v2/pokemon/392	{}
What color is a Monferno?	Usually, Monferno is brown.	https://pokeapi.co/api/v2/pokemon/392	{}
Tell me about Monferno.	It uses ceilings and walls to launch aerial attacks.
Its fiery tail is but one weapon.	https://pokeapi.co/api/v2/pokemon/392	{}
What type of Pokémon is Infernape?	Infernape is a fighting/fire Pokémon.	https://pokeapi.co/api/v2/pokemon/393	{}
How tall is Infernape?	Infernape is 1.2 meters tall.	https://pokeapi.co/api/v2/pokemon/393	{}
Where can I find a Infernape?	The location of Infernape is unknown.	https://pokeapi.co/api/v2/pokemon/393	{}
How much does Infernape weigh?	The average Infernape is about 55 kilograms.	https://pokeapi.co/api/v2/pokemon/393	{}
What color is a Infernape?	Usually, Infernape is brown.	https://pokeapi.co/api/v2/pokemon/393	{}
Tell me about Infernape.	It tosses its enemies around with agility. It uses all
its limbs to fight in its own unique style.	https://pokeapi.co/api/v2/pokemon/393	{}
What type of Pokémon is Piplup?	Piplup is a water Pokémon.	https://pokeapi.co/api/v2/pokemon/394	{}
How tall is Piplup?	Piplup is 0.4 meters tall.	https://pokeapi.co/api/v2/pokemon/394	{}
Where can I find a Piplup?	The location of Piplup is unknown.	https://pokeapi.co/api/v2/pokemon/394	{}
How much does Piplup weigh?	The average Piplup is about 5.2 kilograms.	https://pokeapi.co/api/v2/pokemon/394	{}
What color is a Piplup?	Usually, Piplup is blue.	https://pokeapi.co/api/v2/pokemon/394	{}
Tell me about Piplup.	Because it is very proud, it hates accepting food
from people. Its thick down guards it from cold.	https://pokeapi.co/api/v2/pokemon/394	{}
What type of Pokémon is Prinplup?	Prinplup is a water Pokémon.	https://pokeapi.co/api/v2/pokemon/395	{}
How tall is Prinplup?	Prinplup is 0.8 meters tall.	https://pokeapi.co/api/v2/pokemon/395	{}
Where can I find a Prinplup?	The location of Prinplup is unknown.	https://pokeapi.co/api/v2/pokemon/395	{}
How much does Prinplup weigh?	The average Prinplup is about 23 kilograms.	https://pokeapi.co/api/v2/pokemon/395	{}
What color is a Prinplup?	Usually, Prinplup is blue.	https://pokeapi.co/api/v2/pokemon/395	{}
Tell me about Prinplup.	It lives a solitary life. Its wings deliver wicked blows
that can snap even the thickest of trees.	https://pokeapi.co/api/v2/pokemon/395	{}
What type of Pokémon is Empoleon?	Empoleon is a steel/water Pokémon.	https://pokeapi.co/api/v2/pokemon/396	{}
How tall is Empoleon?	Empoleon is 1.7 meters tall.	https://pokeapi.co/api/v2/pokemon/396	{}
Where can I find a Empoleon?	The location of Empoleon is unknown.	https://pokeapi.co/api/v2/pokemon/396	{}
How much does Empoleon weigh?	The average Empoleon is about 84.5 kilograms.	https://pokeapi.co/api/v2/pokemon/396	{}
What color is a Empoleon?	Usually, Empoleon is blue.	https://pokeapi.co/api/v2/pokemon/396	{}
Tell me about Empoleon.	The three horns that extend from its beak attest to
its power. The leader has the biggest horns.	https://pokeapi.co/api/v2/pokemon/396	{}
What type of Pokémon is Starly?	Starly is a flying/normal Pokémon.	https://pokeapi.co/api/v2/pokemon/397	{}
How tall is Starly?	Starly is 0.3 meters tall.	https://pokeapi.co/api/v2/pokemon/397	{}
Where can I find a Starly?	The location of Starly is unknown.	https://pokeapi.co/api/v2/pokemon/397	{}
How much does Starly weigh?	The average Starly is about 2 kilograms.	https://pokeapi.co/api/v2/pokemon/397	{}
What color is a Starly?	Usually, Starly is brown.	https://pokeapi.co/api/v2/pokemon/397	{}
Tell me about Starly.	They flock around mountains and fields, chasing
after bug Pokémon. Their singing is noisy
and annoying.	https://pokeapi.co/api/v2/pokemon/397	{}
What type of Pokémon is Staravia?	Staravia is a flying/normal Pokémon.	https://pokeapi.co/api/v2/pokemon/398	{}
How tall is Staravia?	Staravia is 0.6 meters tall.	https://pokeapi.co/api/v2/pokemon/398	{}
Where can I find a Staravia?	The location of Staravia is unknown.	https://pokeapi.co/api/v2/pokemon/398	{}
How much does Staravia weigh?	The average Staravia is about 15.5 kilograms.	https://pokeapi.co/api/v2/pokemon/398	{}
What color is a Staravia?	Usually, Staravia is brown.	https://pokeapi.co/api/v2/pokemon/398	{}
Tell me about Staravia.	It lives in forests and fields. Squabbles over
territory occur when flocks collide.	https://pokeapi.co/api/v2/pokemon/398	{}
What type of Pokémon is Staraptor?	Staraptor is a flying/normal Pokémon.	https://pokeapi.co/api/v2/pokemon/399	{}
How tall is Staraptor?	Staraptor is 1.2 meters tall.	https://pokeapi.co/api/v2/pokemon/399	{}
Where can I find a Staraptor?	The location of Staraptor is unknown.	https://pokeapi.co/api/v2/pokemon/399	{}
How much does Staraptor weigh?	The average Staraptor is about 24.9 kilograms.	https://pokeapi.co/api/v2/pokemon/399	{}
What color is a Staraptor?	Usually, Staraptor is brown.	https://pokeapi.co/api/v2/pokemon/399	{}
Tell me about Staraptor.	When Staravia evolve into Staraptor, they leave the
flock to live alone. They have sturdy wings.	https://pokeapi.co/api/v2/pokemon/399	{}
What type of Pokémon is Bidoof?	Bidoof is a normal Pokémon.	https://pokeapi.co/api/v2/pokemon/400	{}
How tall is Bidoof?	Bidoof is 0.5 meters tall.	https://pokeapi.co/api/v2/pokemon/400	{}
Where can I find a Bidoof?	The location of Bidoof is unknown.	https://pokeapi.co/api/v2/pokemon/400	{}
How much does Bidoof weigh?	The average Bidoof is about 20 kilograms.	https://pokeapi.co/api/v2/pokemon/400	{}
What color is a Bidoof?	Usually, Bidoof is brown.	https://pokeapi.co/api/v2/pokemon/400	{}
Tell me about Bidoof.	It constantly gnaws on logs and rocks to whittle
down its front teeth. It nests alongside water.	https://pokeapi.co/api/v2/pokemon/400	{}
What type of Pokémon is Bibarel?	Bibarel is a water/normal Pokémon.	https://pokeapi.co/api/v2/pokemon/401	{}
How tall is Bibarel?	Bibarel is 1 meters tall.	https://pokeapi.co/api/v2/pokemon/401	{}
Where can I find a Bibarel?	The location of Bibarel is unknown.	https://pokeapi.co/api/v2/pokemon/401	{}
How much does Bibarel weigh?	The average Bibarel is about 31.5 kilograms.	https://pokeapi.co/api/v2/pokemon/401	{}
What color is a Bibarel?	Usually, Bibarel is brown.	https://pokeapi.co/api/v2/pokemon/401	{}
Tell me about Bibarel.	It makes its nest by damming streams with bark and
mud. It is known as an industrious worker.	https://pokeapi.co/api/v2/pokemon/401	{}
What type of Pokémon is Kricketot?	Kricketot is a bug Pokémon.	https://pokeapi.co/api/v2/pokemon/402	{}
How tall is Kricketot?	Kricketot is 0.3 meters tall.	https://pokeapi.co/api/v2/pokemon/402	{}
Where can I find a Kricketot?	The location of Kricketot is unknown.	https://pokeapi.co/api/v2/pokemon/402	{}
How much does Kricketot weigh?	The average Kricketot is about 2.2 kilograms.	https://pokeapi.co/api/v2/pokemon/402	{}
What color is a Kricketot?	Usually, Kricketot is red.	https://pokeapi.co/api/v2/pokemon/402	{}
Tell me about Kricketot.	When its antennae hit each other, it sounds like the
music of a xylophone.	https://pokeapi.co/api/v2/pokemon/402	{}
What type of Pokémon is Kricketune?	Kricketune is a bug Pokémon.	https://pokeapi.co/api/v2/pokemon/403	{}
How tall is Kricketune?	Kricketune is 1 meters tall.	https://pokeapi.co/api/v2/pokemon/403	{}
Where can I find a Kricketune?	The location of Kricketune is unknown.	https://pokeapi.co/api/v2/pokemon/403	{}
How much does Kricketune weigh?	The average Kricketune is about 25.5 kilograms.	https://pokeapi.co/api/v2/pokemon/403	{}
What color is a Kricketune?	Usually, Kricketune is red.	https://pokeapi.co/api/v2/pokemon/403	{}
Tell me about Kricketune.	It signals its emotions with its melodies. Scientists
are studying these melodic patterns.	https://pokeapi.co/api/v2/pokemon/403	{}
What type of Pokémon is Shinx?	Shinx is a electric Pokémon.	https://pokeapi.co/api/v2/pokemon/404	{}
How tall is Shinx?	Shinx is 0.5 meters tall.	https://pokeapi.co/api/v2/pokemon/404	{}
Where can I find a Shinx?	The location of Shinx is unknown.	https://pokeapi.co/api/v2/pokemon/404	{}
How much does Shinx weigh?	The average Shinx is about 9.5 kilograms.	https://pokeapi.co/api/v2/pokemon/404	{}
What color is a Shinx?	Usually, Shinx is blue.	https://pokeapi.co/api/v2/pokemon/404	{}
Tell me about Shinx.	All of its fur dazzles if danger is sensed. It flees
while the foe is momentarily blinded.	https://pokeapi.co/api/v2/pokemon/404	{}
What type of Pokémon is Luxio?	Luxio is a electric Pokémon.	https://pokeapi.co/api/v2/pokemon/405	{}
How tall is Luxio?	Luxio is 0.9 meters tall.	https://pokeapi.co/api/v2/pokemon/405	{}
Where can I find a Luxio?	The location of Luxio is unknown.	https://pokeapi.co/api/v2/pokemon/405	{}
How much does Luxio weigh?	The average Luxio is about 30.5 kilograms.	https://pokeapi.co/api/v2/pokemon/405	{}
What color is a Luxio?	Usually, Luxio is blue.	https://pokeapi.co/api/v2/pokemon/405	{}
Tell me about Luxio.	Strong electricity courses through the tips of its
sharp claws. A light scratch causes fainting in foes.	https://pokeapi.co/api/v2/pokemon/405	{}
What type of Pokémon is Luxray?	Luxray is a electric Pokémon.	https://pokeapi.co/api/v2/pokemon/406	{}
How tall is Luxray?	Luxray is 1.4 meters tall.	https://pokeapi.co/api/v2/pokemon/406	{}
Where can I find a Luxray?	The location of Luxray is unknown.	https://pokeapi.co/api/v2/pokemon/406	{}
How much does Luxray weigh?	The average Luxray is about 42 kilograms.	https://pokeapi.co/api/v2/pokemon/406	{}
What color is a Luxray?	Usually, Luxray is blue.	https://pokeapi.co/api/v2/pokemon/406	{}
Tell me about Luxray.	Luxray’s ability to see through objects comes in
handy when it’s scouting for danger.	https://pokeapi.co/api/v2/pokemon/406	{}
What type of Pokémon is Budew?	Budew is a poison/grass Pokémon.	https://pokeapi.co/api/v2/pokemon/407	{}
How tall is Budew?	Budew is 0.2 meters tall.	https://pokeapi.co/api/v2/pokemon/407	{}
Where can I find a Budew?	The location of Budew is unknown.	https://pokeapi.co/api/v2/pokemon/407	{}
How much does Budew weigh?	The average Budew is about 1.2 kilograms.	https://pokeapi.co/api/v2/pokemon/407	{}
What color is a Budew?	Usually, Budew is green.	https://pokeapi.co/api/v2/pokemon/407	{}
Tell me about Budew.	Over the winter, it closes its bud and endures the
cold. In spring, the bud opens and releases pollen.	https://pokeapi.co/api/v2/pokemon/407	{}
What type of Pokémon is Roserade?	Roserade is a poison/grass Pokémon.	https://pokeapi.co/api/v2/pokemon/408	{}
How tall is Roserade?	Roserade is 0.9 meters tall.	https://pokeapi.co/api/v2/pokemon/408	{}
Where can I find a Roserade?	The location of Roserade is unknown.	https://pokeapi.co/api/v2/pokemon/408	{}
How much does Roserade weigh?	The average Roserade is about 14.5 kilograms.	https://pokeapi.co/api/v2/pokemon/408	{}
What color is a Roserade?	Usually, Roserade is green.	https://pokeapi.co/api/v2/pokemon/408	{}
Tell me about Roserade.	With the movements of a dancer, it strikes with
whips that are densely lined with poison thorns.	https://pokeapi.co/api/v2/pokemon/408	{}
What type of Pokémon is Cranidos?	Cranidos is a rock Pokémon.	https://pokeapi.co/api/v2/pokemon/409	{}
How tall is Cranidos?	Cranidos is 0.9 meters tall.	https://pokeapi.co/api/v2/pokemon/409	{}
Where can I find a Cranidos?	The location of Cranidos is unknown.	https://pokeapi.co/api/v2/pokemon/409	{}
How much does Cranidos weigh?	The average Cranidos is about 31.5 kilograms.	https://pokeapi.co/api/v2/pokemon/409	{}
What color is a Cranidos?	Usually, Cranidos is blue.	https://pokeapi.co/api/v2/pokemon/409	{}
Tell me about Cranidos.	A primeval Pokémon, it possesses a hard and
sturdy skull, lacking any intelligence within.	https://pokeapi.co/api/v2/pokemon/409	{}
What type of Pokémon is Rampardos?	Rampardos is a rock Pokémon.	https://pokeapi.co/api/v2/pokemon/410	{}
How tall is Rampardos?	Rampardos is 1.6 meters tall.	https://pokeapi.co/api/v2/pokemon/410	{}
Where can I find a Rampardos?	The location of Rampardos is unknown.	https://pokeapi.co/api/v2/pokemon/410	{}
How much does Rampardos weigh?	The average Rampardos is about 102.5 kilograms.	https://pokeapi.co/api/v2/pokemon/410	{}
What color is a Rampardos?	Usually, Rampardos is blue.	https://pokeapi.co/api/v2/pokemon/410	{}
Tell me about Rampardos.	In ancient times, people would dig up fossils of
this Pokémon and use its skull, which is harder
than steel, to make helmets.	https://pokeapi.co/api/v2/pokemon/410	{}
What type of Pokémon is Shieldon?	Shieldon is a steel/rock Pokémon.	https://pokeapi.co/api/v2/pokemon/411	{}
How tall is Shieldon?	Shieldon is 0.5 meters tall.	https://pokeapi.co/api/v2/pokemon/411	{}
Where can I find a Shieldon?	The location of Shieldon is unknown.	https://pokeapi.co/api/v2/pokemon/411	{}
How much does Shieldon weigh?	The average Shieldon is about 57 kilograms.	https://pokeapi.co/api/v2/pokemon/411	{}
What color is a Shieldon?	Usually, Shieldon is gray.	https://pokeapi.co/api/v2/pokemon/411	{}
Tell me about Shieldon.	A mild-mannered, herbivorous Pokémon, it used
its face to dig up tree roots to eat. The skin on
its face was plenty tough.	https://pokeapi.co/api/v2/pokemon/411	{}
What type of Pokémon is Bastiodon?	Bastiodon is a steel/rock Pokémon.	https://pokeapi.co/api/v2/pokemon/412	{}
How tall is Bastiodon?	Bastiodon is 1.3 meters tall.	https://pokeapi.co/api/v2/pokemon/412	{}
Where can I find a Bastiodon?	The location of Bastiodon is unknown.	https://pokeapi.co/api/v2/pokemon/412	{}
How much does Bastiodon weigh?	The average Bastiodon is about 149.5 kilograms.	https://pokeapi.co/api/v2/pokemon/412	{}
What color is a Bastiodon?	Usually, Bastiodon is gray.	https://pokeapi.co/api/v2/pokemon/412	{}
Tell me about Bastiodon.	The bones of its face are huge and hard, so
they were mistaken for its spine until after this
Pokémon was successfully restored.	https://pokeapi.co/api/v2/pokemon/412	{}
What type of Pokémon is Burmy?	Burmy is a bug Pokémon.	https://pokeapi.co/api/v2/pokemon/413	{}
How tall is Burmy?	Burmy is 0.2 meters tall.	https://pokeapi.co/api/v2/pokemon/413	{}
Where can I find a Burmy?	The location of Burmy is unknown.	https://pokeapi.co/api/v2/pokemon/413	{}
How much does Burmy weigh?	The average Burmy is about 3.4 kilograms.	https://pokeapi.co/api/v2/pokemon/413	{}
What color is a Burmy?	Usually, Burmy is green.	https://pokeapi.co/api/v2/pokemon/413	{}
Tell me about Burmy.	If its cloak is broken in battle, it quickly remakes
the cloak with materials nearby.	https://pokeapi.co/api/v2/pokemon/413	{}
What type of Pokémon is Wormadam?	Wormadam is a grass/bug Pokémon.	https://pokeapi.co/api/v2/pokemon/414	{}
How tall is Wormadam?	Wormadam is 0.5 meters tall.	https://pokeapi.co/api/v2/pokemon/414	{}
Where can I find a Wormadam?	The location of Wormadam is unknown.	https://pokeapi.co/api/v2/pokemon/414	{}
How much does Wormadam weigh?	The average Wormadam is about 6.5 kilograms.	https://pokeapi.co/api/v2/pokemon/414	{}
What color is a Wormadam?	Usually, Wormadam is green.	https://pokeapi.co/api/v2/pokemon/414	{}
Tell me about Wormadam.	When Burmy evolved, its cloak became a part of
this Pokémon’s body. The cloak is never shed.	https://pokeapi.co/api/v2/pokemon/414	{}
What type of Pokémon is Mothim?	Mothim is a flying/bug Pokémon.	https://pokeapi.co/api/v2/pokemon/415	{}
How tall is Mothim?	Mothim is 0.9 meters tall.	https://pokeapi.co/api/v2/pokemon/415	{}
Where can I find a Mothim?	The location of Mothim is unknown.	https://pokeapi.co/api/v2/pokemon/415	{}
How much does Mothim weigh?	The average Mothim is about 23.3 kilograms.	https://pokeapi.co/api/v2/pokemon/415	{}
What color is a Mothim?	Usually, Mothim is yellow.	https://pokeapi.co/api/v2/pokemon/415	{}
Tell me about Mothim.	It flutters around at night and steals honey from
the Combee hive.	https://pokeapi.co/api/v2/pokemon/415	{}
What type of Pokémon is Combee?	Combee is a flying/bug Pokémon.	https://pokeapi.co/api/v2/pokemon/416	{}
How tall is Combee?	Combee is 0.3 meters tall.	https://pokeapi.co/api/v2/pokemon/416	{}
Where can I find a Combee?	The location of Combee is unknown.	https://pokeapi.co/api/v2/pokemon/416	{}
How much does Combee weigh?	The average Combee is about 5.5 kilograms.	https://pokeapi.co/api/v2/pokemon/416	{}
What color is a Combee?	Usually, Combee is yellow.	https://pokeapi.co/api/v2/pokemon/416	{}
Tell me about Combee.	It collects and delivers honey to its colony.
At night, they cluster to form a beehive and sleep.	https://pokeapi.co/api/v2/pokemon/416	{}
What type of Pokémon is Vespiquen?	Vespiquen is a flying/bug Pokémon.	https://pokeapi.co/api/v2/pokemon/417	{}
How tall is Vespiquen?	Vespiquen is 1.2 meters tall.	https://pokeapi.co/api/v2/pokemon/417	{}
Where can I find a Vespiquen?	The location of Vespiquen is unknown.	https://pokeapi.co/api/v2/pokemon/417	{}
How much does Vespiquen weigh?	The average Vespiquen is about 38.5 kilograms.	https://pokeapi.co/api/v2/pokemon/417	{}
What color is a Vespiquen?	Usually, Vespiquen is yellow.	https://pokeapi.co/api/v2/pokemon/417	{}
Tell me about Vespiquen.	Its abdomen is a honeycomb for grubs. It raises its
grubs on honey collected by Combee.	https://pokeapi.co/api/v2/pokemon/417	{}
What type of Pokémon is Pachirisu?	Pachirisu is a electric Pokémon.	https://pokeapi.co/api/v2/pokemon/418	{}
How tall is Pachirisu?	Pachirisu is 0.4 meters tall.	https://pokeapi.co/api/v2/pokemon/418	{}
Where can I find a Pachirisu?	The location of Pachirisu is unknown.	https://pokeapi.co/api/v2/pokemon/418	{}
How much does Pachirisu weigh?	The average Pachirisu is about 3.9 kilograms.	https://pokeapi.co/api/v2/pokemon/418	{}
What color is a Pachirisu?	Usually, Pachirisu is white.	https://pokeapi.co/api/v2/pokemon/418	{}
Tell me about Pachirisu.	A pair may be seen rubbing their cheek pouches
together in an effort to share stored electricity.	https://pokeapi.co/api/v2/pokemon/418	{}
What type of Pokémon is Buizel?	Buizel is a water Pokémon.	https://pokeapi.co/api/v2/pokemon/419	{}
How tall is Buizel?	Buizel is 0.7 meters tall.	https://pokeapi.co/api/v2/pokemon/419	{}
Where can I find a Buizel?	The location of Buizel is unknown.	https://pokeapi.co/api/v2/pokemon/419	{}
How much does Buizel weigh?	The average Buizel is about 29.5 kilograms.	https://pokeapi.co/api/v2/pokemon/419	{}
What color is a Buizel?	Usually, Buizel is brown.	https://pokeapi.co/api/v2/pokemon/419	{}
Tell me about Buizel.	It inflates the flotation sac around its neck and
pokes its head out of the water to see what is
going on.	https://pokeapi.co/api/v2/pokemon/419	{}
What type of Pokémon is Floatzel?	Floatzel is a water Pokémon.	https://pokeapi.co/api/v2/pokemon/420	{}
How tall is Floatzel?	Floatzel is 1.1 meters tall.	https://pokeapi.co/api/v2/pokemon/420	{}
Where can I find a Floatzel?	The location of Floatzel is unknown.	https://pokeapi.co/api/v2/pokemon/420	{}
How much does Floatzel weigh?	The average Floatzel is about 33.5 kilograms.	https://pokeapi.co/api/v2/pokemon/420	{}
What color is a Floatzel?	Usually, Floatzel is brown.	https://pokeapi.co/api/v2/pokemon/420	{}
Tell me about Floatzel.	Its flotation sac developed as a result of pursuing
aquatic prey. It can double as a rubber raft.	https://pokeapi.co/api/v2/pokemon/420	{}
What type of Pokémon is Cherubi?	Cherubi is a grass Pokémon.	https://pokeapi.co/api/v2/pokemon/421	{}
How tall is Cherubi?	Cherubi is 0.4 meters tall.	https://pokeapi.co/api/v2/pokemon/421	{}
Where can I find a Cherubi?	The location of Cherubi is unknown.	https://pokeapi.co/api/v2/pokemon/421	{}
How much does Cherubi weigh?	The average Cherubi is about 3.3 kilograms.	https://pokeapi.co/api/v2/pokemon/421	{}
What color is a Cherubi?	Usually, Cherubi is pink.	https://pokeapi.co/api/v2/pokemon/421	{}
Tell me about Cherubi.	It evolves by sucking the energy out of the small
ball where it had been storing nutrients.	https://pokeapi.co/api/v2/pokemon/421	{}
What type of Pokémon is Cherrim?	Cherrim is a grass Pokémon.	https://pokeapi.co/api/v2/pokemon/422	{}
How tall is Cherrim?	Cherrim is 0.5 meters tall.	https://pokeapi.co/api/v2/pokemon/422	{}
Where can I find a Cherrim?	The location of Cherrim is unknown.	https://pokeapi.co/api/v2/pokemon/422	{}
How much does Cherrim weigh?	The average Cherrim is about 9.3 kilograms.	https://pokeapi.co/api/v2/pokemon/422	{}
What color is a Cherrim?	Usually, Cherrim is purple.	https://pokeapi.co/api/v2/pokemon/422	{}
Tell me about Cherrim.	If it senses strong sunlight, it opens its folded
petals to absorb the sun’s rays with its whole body.	https://pokeapi.co/api/v2/pokemon/422	{}
What type of Pokémon is Shellos?	Shellos is a water Pokémon.	https://pokeapi.co/api/v2/pokemon/423	{}
How tall is Shellos?	Shellos is 0.3 meters tall.	https://pokeapi.co/api/v2/pokemon/423	{}
Where can I find a Shellos?	The location of Shellos is unknown.	https://pokeapi.co/api/v2/pokemon/423	{}
How much does Shellos weigh?	The average Shellos is about 6.3 kilograms.	https://pokeapi.co/api/v2/pokemon/423	{}
What color is a Shellos?	Usually, Shellos is purple.	https://pokeapi.co/api/v2/pokemon/423	{}
Tell me about Shellos.	While they normally live in the sea, they can
function on land, too, until their skin dries out.	https://pokeapi.co/api/v2/pokemon/423	{}
What type of Pokémon is Gastrodon?	Gastrodon is a ground/water Pokémon.	https://pokeapi.co/api/v2/pokemon/424	{}
How tall is Gastrodon?	Gastrodon is 0.9 meters tall.	https://pokeapi.co/api/v2/pokemon/424	{}
Where can I find a Gastrodon?	The location of Gastrodon is unknown.	https://pokeapi.co/api/v2/pokemon/424	{}
How much does Gastrodon weigh?	The average Gastrodon is about 29.9 kilograms.	https://pokeapi.co/api/v2/pokemon/424	{}
What color is a Gastrodon?	Usually, Gastrodon is purple.	https://pokeapi.co/api/v2/pokemon/424	{}
Tell me about Gastrodon.	Long ago, it had a shell on its back. There’s now
a vestigial plate on its back that’s hard but thin.	https://pokeapi.co/api/v2/pokemon/424	{}
What type of Pokémon is Ambipom?	Ambipom is a normal Pokémon.	https://pokeapi.co/api/v2/pokemon/425	{}
How tall is Ambipom?	Ambipom is 1.2 meters tall.	https://pokeapi.co/api/v2/pokemon/425	{}
Where can I find a Ambipom?	The location of Ambipom is unknown.	https://pokeapi.co/api/v2/pokemon/425	{}
How much does Ambipom weigh?	The average Ambipom is about 20.3 kilograms.	https://pokeapi.co/api/v2/pokemon/425	{}
What color is a Ambipom?	Usually, Ambipom is purple.	https://pokeapi.co/api/v2/pokemon/425	{}
Tell me about Ambipom.	In their search for comfortable trees, they get
into territorial disputes with groups of
Passimian. They win about half the time.	https://pokeapi.co/api/v2/pokemon/425	{}
What type of Pokémon is Drifloon?	Drifloon is a flying/ghost Pokémon.	https://pokeapi.co/api/v2/pokemon/426	{}
How tall is Drifloon?	Drifloon is 0.4 meters tall.	https://pokeapi.co/api/v2/pokemon/426	{}
Where can I find a Drifloon?	The location of Drifloon is unknown.	https://pokeapi.co/api/v2/pokemon/426	{}
How much does Drifloon weigh?	The average Drifloon is about 1.2 kilograms.	https://pokeapi.co/api/v2/pokemon/426	{}
What color is a Drifloon?	Usually, Drifloon is purple.	https://pokeapi.co/api/v2/pokemon/426	{}
Tell me about Drifloon.	Its round body is stuffed with souls and
expands each time it leads someone away.	https://pokeapi.co/api/v2/pokemon/426	{}
What type of Pokémon is Drifblim?	Drifblim is a flying/ghost Pokémon.	https://pokeapi.co/api/v2/pokemon/427	{}
How tall is Drifblim?	Drifblim is 1.2 meters tall.	https://pokeapi.co/api/v2/pokemon/427	{}
Where can I find a Drifblim?	The location of Drifblim is unknown.	https://pokeapi.co/api/v2/pokemon/427	{}
How much does Drifblim weigh?	The average Drifblim is about 15 kilograms.	https://pokeapi.co/api/v2/pokemon/427	{}
What color is a Drifblim?	Usually, Drifblim is purple.	https://pokeapi.co/api/v2/pokemon/427	{}
Tell me about Drifblim.	There’s a rumor that if you catch a Drifblim
floating on the wind at dusk, you’ll be carried
away to the afterlife.	https://pokeapi.co/api/v2/pokemon/427	{}
What type of Pokémon is Buneary?	Buneary is a normal Pokémon.	https://pokeapi.co/api/v2/pokemon/428	{}
How tall is Buneary?	Buneary is 0.4 meters tall.	https://pokeapi.co/api/v2/pokemon/428	{}
Where can I find a Buneary?	The location of Buneary is unknown.	https://pokeapi.co/api/v2/pokemon/428	{}
How much does Buneary weigh?	The average Buneary is about 5.5 kilograms.	https://pokeapi.co/api/v2/pokemon/428	{}
What color is a Buneary?	Usually, Buneary is brown.	https://pokeapi.co/api/v2/pokemon/428	{}
Tell me about Buneary.	Its arms and legs are weak, but when it rolls its
ears up tight and then unleashes them with its
full force, it can smash boulders to dust.	https://pokeapi.co/api/v2/pokemon/428	{}
What type of Pokémon is Lopunny?	Lopunny is a normal Pokémon.	https://pokeapi.co/api/v2/pokemon/429	{}
How tall is Lopunny?	Lopunny is 1.2 meters tall.	https://pokeapi.co/api/v2/pokemon/429	{}
Where can I find a Lopunny?	The location of Lopunny is unknown.	https://pokeapi.co/api/v2/pokemon/429	{}
How much does Lopunny weigh?	The average Lopunny is about 33.3 kilograms.	https://pokeapi.co/api/v2/pokemon/429	{}
What color is a Lopunny?	Usually, Lopunny is brown.	https://pokeapi.co/api/v2/pokemon/429	{}
Tell me about Lopunny.	Lopunny regrows its coat twice a year. Mufflers
and hats made from its fur are really warm.	https://pokeapi.co/api/v2/pokemon/429	{}
What type of Pokémon is Mismagius?	Mismagius is a ghost Pokémon.	https://pokeapi.co/api/v2/pokemon/430	{}
How tall is Mismagius?	Mismagius is 0.9 meters tall.	https://pokeapi.co/api/v2/pokemon/430	{}
Where can I find a Mismagius?	The location of Mismagius is unknown.	https://pokeapi.co/api/v2/pokemon/430	{}
How much does Mismagius weigh?	The average Mismagius is about 4.4 kilograms.	https://pokeapi.co/api/v2/pokemon/430	{}
What color is a Mismagius?	Usually, Mismagius is purple.	https://pokeapi.co/api/v2/pokemon/430	{}
Tell me about Mismagius.	Feared for its wrath and the curses it spreads,
this Pokémon will also, on a whim, cast spells
that help people.	https://pokeapi.co/api/v2/pokemon/430	{}
What type of Pokémon is Honchkrow?	Honchkrow is a flying/dark Pokémon.	https://pokeapi.co/api/v2/pokemon/431	{}
How tall is Honchkrow?	Honchkrow is 0.9 meters tall.	https://pokeapi.co/api/v2/pokemon/431	{}
Where can I find a Honchkrow?	The location of Honchkrow is unknown.	https://pokeapi.co/api/v2/pokemon/431	{}
How much does Honchkrow weigh?	The average Honchkrow is about 27.3 kilograms.	https://pokeapi.co/api/v2/pokemon/431	{}
What color is a Honchkrow?	Usually, Honchkrow is black.	https://pokeapi.co/api/v2/pokemon/431	{}
Tell me about Honchkrow.	It will absolutely not forgive failure from or
betrayal by its goons. It has no choice in this
if it wants to maintain the order of the flock.	https://pokeapi.co/api/v2/pokemon/431	{}
What type of Pokémon is Glameow?	Glameow is a normal Pokémon.	https://pokeapi.co/api/v2/pokemon/432	{}
How tall is Glameow?	Glameow is 0.5 meters tall.	https://pokeapi.co/api/v2/pokemon/432	{}
Where can I find a Glameow?	The location of Glameow is unknown.	https://pokeapi.co/api/v2/pokemon/432	{}
How much does Glameow weigh?	The average Glameow is about 3.9 kilograms.	https://pokeapi.co/api/v2/pokemon/432	{}
What color is a Glameow?	Usually, Glameow is gray.	https://pokeapi.co/api/v2/pokemon/432	{}
Tell me about Glameow.	When it’s happy, Glameow demonstrates beautiful
movements of its tail, like a dancing ribbon.	https://pokeapi.co/api/v2/pokemon/432	{}
What type of Pokémon is Purugly?	Purugly is a normal Pokémon.	https://pokeapi.co/api/v2/pokemon/433	{}
How tall is Purugly?	Purugly is 1 meters tall.	https://pokeapi.co/api/v2/pokemon/433	{}
Where can I find a Purugly?	The location of Purugly is unknown.	https://pokeapi.co/api/v2/pokemon/433	{}
How much does Purugly weigh?	The average Purugly is about 43.8 kilograms.	https://pokeapi.co/api/v2/pokemon/433	{}
What color is a Purugly?	Usually, Purugly is gray.	https://pokeapi.co/api/v2/pokemon/433	{}
Tell me about Purugly.	To make itself appear intimidatingly beefy, it tightly
cinches its waist with its twin tails.	https://pokeapi.co/api/v2/pokemon/433	{}
What type of Pokémon is Chingling?	Chingling is a psychic Pokémon.	https://pokeapi.co/api/v2/pokemon/434	{}
How tall is Chingling?	Chingling is 0.2 meters tall.	https://pokeapi.co/api/v2/pokemon/434	{}
Where can I find a Chingling?	The location of Chingling is unknown.	https://pokeapi.co/api/v2/pokemon/434	{}
How much does Chingling weigh?	The average Chingling is about 0.6 kilograms.	https://pokeapi.co/api/v2/pokemon/434	{}
What color is a Chingling?	Usually, Chingling is yellow.	https://pokeapi.co/api/v2/pokemon/434	{}
Tell me about Chingling.	There is an orb inside its mouth. When it hops,
the orb bounces all over and makes a
ringing sound.	https://pokeapi.co/api/v2/pokemon/434	{}
What type of Pokémon is Stunky?	Stunky is a dark/poison Pokémon.	https://pokeapi.co/api/v2/pokemon/435	{}
How tall is Stunky?	Stunky is 0.4 meters tall.	https://pokeapi.co/api/v2/pokemon/435	{}
Where can I find a Stunky?	The location of Stunky is unknown.	https://pokeapi.co/api/v2/pokemon/435	{}
How much does Stunky weigh?	The average Stunky is about 19.2 kilograms.	https://pokeapi.co/api/v2/pokemon/435	{}
What color is a Stunky?	Usually, Stunky is purple.	https://pokeapi.co/api/v2/pokemon/435	{}
Tell me about Stunky.	It protects itself by spraying a noxious fluid from its
rear. The stench lingers for 24 hours.	https://pokeapi.co/api/v2/pokemon/435	{}
What type of Pokémon is Skuntank?	Skuntank is a dark/poison Pokémon.	https://pokeapi.co/api/v2/pokemon/436	{}
How tall is Skuntank?	Skuntank is 1 meters tall.	https://pokeapi.co/api/v2/pokemon/436	{}
Where can I find a Skuntank?	The location of Skuntank is unknown.	https://pokeapi.co/api/v2/pokemon/436	{}
How much does Skuntank weigh?	The average Skuntank is about 38 kilograms.	https://pokeapi.co/api/v2/pokemon/436	{}
What color is a Skuntank?	Usually, Skuntank is purple.	https://pokeapi.co/api/v2/pokemon/436	{}
Tell me about Skuntank.	It sprays a stinky fluid from its tail. The fluid smells
worse the longer it is allowed to fester.	https://pokeapi.co/api/v2/pokemon/436	{}
What type of Pokémon is Bronzor?	Bronzor is a psychic/steel Pokémon.	https://pokeapi.co/api/v2/pokemon/437	{}
How tall is Bronzor?	Bronzor is 0.5 meters tall.	https://pokeapi.co/api/v2/pokemon/437	{}
Where can I find a Bronzor?	The location of Bronzor is unknown.	https://pokeapi.co/api/v2/pokemon/437	{}
How much does Bronzor weigh?	The average Bronzor is about 60.5 kilograms.	https://pokeapi.co/api/v2/pokemon/437	{}
What color is a Bronzor?	Usually, Bronzor is green.	https://pokeapi.co/api/v2/pokemon/437	{}
Tell me about Bronzor.	Implements shaped like it were discovered in
ancient tombs. It is unknown if they are related.	https://pokeapi.co/api/v2/pokemon/437	{}
What type of Pokémon is Bronzong?	Bronzong is a psychic/steel Pokémon.	https://pokeapi.co/api/v2/pokemon/438	{}
How tall is Bronzong?	Bronzong is 1.3 meters tall.	https://pokeapi.co/api/v2/pokemon/438	{}
Where can I find a Bronzong?	The location of Bronzong is unknown.	https://pokeapi.co/api/v2/pokemon/438	{}
How much does Bronzong weigh?	The average Bronzong is about 187 kilograms.	https://pokeapi.co/api/v2/pokemon/438	{}
What color is a Bronzong?	Usually, Bronzong is green.	https://pokeapi.co/api/v2/pokemon/438	{}
Tell me about Bronzong.	Ancient people believed that petitioning Bronzong
for rain was the way to make crops grow.	https://pokeapi.co/api/v2/pokemon/438	{}
What type of Pokémon is Bonsly?	Bonsly is a rock Pokémon.	https://pokeapi.co/api/v2/pokemon/439	{}
How tall is Bonsly?	Bonsly is 0.5 meters tall.	https://pokeapi.co/api/v2/pokemon/439	{}
Where can I find a Bonsly?	The location of Bonsly is unknown.	https://pokeapi.co/api/v2/pokemon/439	{}
How much does Bonsly weigh?	The average Bonsly is about 15 kilograms.	https://pokeapi.co/api/v2/pokemon/439	{}
What color is a Bonsly?	Usually, Bonsly is brown.	https://pokeapi.co/api/v2/pokemon/439	{}
Tell me about Bonsly.	It discharges moisture from its eyes, making it
look like it’s crying—apparently an effective way
of getting enemies to let down their guard.	https://pokeapi.co/api/v2/pokemon/439	{}
What type of Pokémon is Mime Jr.?	Mime Jr. is a fairy/psychic Pokémon.	https://pokeapi.co/api/v2/pokemon/440	{}
How tall is Mime Jr.?	Mime Jr. is 0.6 meters tall.	https://pokeapi.co/api/v2/pokemon/440	{}
Where can I find a Mime Jr.?	The location of Mime Jr. is unknown.	https://pokeapi.co/api/v2/pokemon/440	{}
How much does Mime Jr. weigh?	The average Mime Jr. is about 13 kilograms.	https://pokeapi.co/api/v2/pokemon/440	{}
What color is a Mime Jr.?	Usually, Mime Jr. is pink.	https://pokeapi.co/api/v2/pokemon/440	{}
Tell me about Mime Jr..	It does its absolute best to mimic the
movements and expressions of its opponents,
but it’s still not very good at it.	https://pokeapi.co/api/v2/pokemon/440	{}
What type of Pokémon is Happiny?	Happiny is a normal Pokémon.	https://pokeapi.co/api/v2/pokemon/441	{}
How tall is Happiny?	Happiny is 0.6 meters tall.	https://pokeapi.co/api/v2/pokemon/441	{}
Where can I find a Happiny?	The location of Happiny is unknown.	https://pokeapi.co/api/v2/pokemon/441	{}
How much does Happiny weigh?	The average Happiny is about 24.4 kilograms.	https://pokeapi.co/api/v2/pokemon/441	{}
What color is a Happiny?	Usually, Happiny is pink.	https://pokeapi.co/api/v2/pokemon/441	{}
Tell me about Happiny.	Usually it’s a well-behaved Pokémon, but if you
take its round rock away, it will cry and fuss
and throw a big old tantrum.	https://pokeapi.co/api/v2/pokemon/441	{}
What type of Pokémon is Chatot?	Chatot is a flying/normal Pokémon.	https://pokeapi.co/api/v2/pokemon/442	{}
How tall is Chatot?	Chatot is 0.5 meters tall.	https://pokeapi.co/api/v2/pokemon/442	{}
Where can I find a Chatot?	The location of Chatot is unknown.	https://pokeapi.co/api/v2/pokemon/442	{}
How much does Chatot weigh?	The average Chatot is about 1.9 kilograms.	https://pokeapi.co/api/v2/pokemon/442	{}
What color is a Chatot?	Usually, Chatot is black.	https://pokeapi.co/api/v2/pokemon/442	{}
Tell me about Chatot.	It can learn and speak human words. If they gather,
they all learn the same saying.	https://pokeapi.co/api/v2/pokemon/442	{}
What type of Pokémon is Spiritomb?	Spiritomb is a dark/ghost Pokémon.	https://pokeapi.co/api/v2/pokemon/443	{}
How tall is Spiritomb?	Spiritomb is 1 meters tall.	https://pokeapi.co/api/v2/pokemon/443	{}
Where can I find a Spiritomb?	The location of Spiritomb is unknown.	https://pokeapi.co/api/v2/pokemon/443	{}
How much does Spiritomb weigh?	The average Spiritomb is about 108 kilograms.	https://pokeapi.co/api/v2/pokemon/443	{}
What color is a Spiritomb?	Usually, Spiritomb is purple.	https://pokeapi.co/api/v2/pokemon/443	{}
Tell me about Spiritomb.	It was bound to a fissure in an odd keystone as
punishment for misdeeds 500 years ago.	https://pokeapi.co/api/v2/pokemon/443	{}
What type of Pokémon is Gible?	Gible is a ground/dragon Pokémon.	https://pokeapi.co/api/v2/pokemon/444	{}
How tall is Gible?	Gible is 0.7 meters tall.	https://pokeapi.co/api/v2/pokemon/444	{}
Where can I find a Gible?	The location of Gible is unknown.	https://pokeapi.co/api/v2/pokemon/444	{}
How much does Gible weigh?	The average Gible is about 20.5 kilograms.	https://pokeapi.co/api/v2/pokemon/444	{}
What color is a Gible?	Usually, Gible is blue.	https://pokeapi.co/api/v2/pokemon/444	{}
Tell me about Gible.	It reacts to anything that moves—flies right at it
and bites it. Sometimes it injures itself, but it
doesn’t care too much.	https://pokeapi.co/api/v2/pokemon/444	{}
What type of Pokémon is Gabite?	Gabite is a ground/dragon Pokémon.	https://pokeapi.co/api/v2/pokemon/445	{}
How tall is Gabite?	Gabite is 1.4 meters tall.	https://pokeapi.co/api/v2/pokemon/445	{}
Where can I find a Gabite?	The location of Gabite is unknown.	https://pokeapi.co/api/v2/pokemon/445	{}
How much does Gabite weigh?	The average Gabite is about 56 kilograms.	https://pokeapi.co/api/v2/pokemon/445	{}
What color is a Gabite?	Usually, Gabite is blue.	https://pokeapi.co/api/v2/pokemon/445	{}
Tell me about Gabite.	It loves shiny things. When it finds a Sableye
trying to catch a Carbink, Gabite becomes
furiously angry and attacks the Sableye.	https://pokeapi.co/api/v2/pokemon/445	{}
What type of Pokémon is Garchomp?	Garchomp is a ground/dragon Pokémon.	https://pokeapi.co/api/v2/pokemon/446	{}
How tall is Garchomp?	Garchomp is 1.9 meters tall.	https://pokeapi.co/api/v2/pokemon/446	{}
Where can I find a Garchomp?	The location of Garchomp is unknown.	https://pokeapi.co/api/v2/pokemon/446	{}
How much does Garchomp weigh?	The average Garchomp is about 95 kilograms.	https://pokeapi.co/api/v2/pokemon/446	{}
What color is a Garchomp?	Usually, Garchomp is blue.	https://pokeapi.co/api/v2/pokemon/446	{}
Tell me about Garchomp.	It flies at the speed of sound while searching
for prey, and it has midair battles with
Salamence as the two compete for food.	https://pokeapi.co/api/v2/pokemon/446	{}
What type of Pokémon is Munchlax?	Munchlax is a normal Pokémon.	https://pokeapi.co/api/v2/pokemon/447	{}
How tall is Munchlax?	Munchlax is 0.6 meters tall.	https://pokeapi.co/api/v2/pokemon/447	{}
Where can I find a Munchlax?	The location of Munchlax is unknown.	https://pokeapi.co/api/v2/pokemon/447	{}
How much does Munchlax weigh?	The average Munchlax is about 105 kilograms.	https://pokeapi.co/api/v2/pokemon/447	{}
What color is a Munchlax?	Usually, Munchlax is black.	https://pokeapi.co/api/v2/pokemon/447	{}
Tell me about Munchlax.	It hides food under its long fur, but it
sometimes forgets about it and causes
a stinky disturbance.	https://pokeapi.co/api/v2/pokemon/447	{}
What type of Pokémon is Riolu?	Riolu is a fighting Pokémon.	https://pokeapi.co/api/v2/pokemon/448	{}
How tall is Riolu?	Riolu is 0.7 meters tall.	https://pokeapi.co/api/v2/pokemon/448	{}
Where can I find a Riolu?	The location of Riolu is unknown.	https://pokeapi.co/api/v2/pokemon/448	{}
How much does Riolu weigh?	The average Riolu is about 20.2 kilograms.	https://pokeapi.co/api/v2/pokemon/448	{}
What color is a Riolu?	Usually, Riolu is blue.	https://pokeapi.co/api/v2/pokemon/448	{}
Tell me about Riolu.	It knows how people and Pokémon feel by
looking at their auras. It doesn’t approach
dangerous opponents.	https://pokeapi.co/api/v2/pokemon/448	{}
What type of Pokémon is Lucario?	Lucario is a steel/fighting Pokémon.	https://pokeapi.co/api/v2/pokemon/449	{}
How tall is Lucario?	Lucario is 1.2 meters tall.	https://pokeapi.co/api/v2/pokemon/449	{}
Where can I find a Lucario?	The location of Lucario is unknown.	https://pokeapi.co/api/v2/pokemon/449	{}
How much does Lucario weigh?	The average Lucario is about 54 kilograms.	https://pokeapi.co/api/v2/pokemon/449	{}
What color is a Lucario?	Usually, Lucario is blue.	https://pokeapi.co/api/v2/pokemon/449	{}
Tell me about Lucario.	It concentrates its mental energy and fires off
mysterious waves called auras, which can crush
boulders of large size to dust.	https://pokeapi.co/api/v2/pokemon/449	{}
What type of Pokémon is Hippopotas?	Hippopotas is a ground Pokémon.	https://pokeapi.co/api/v2/pokemon/450	{}
How tall is Hippopotas?	Hippopotas is 0.8 meters tall.	https://pokeapi.co/api/v2/pokemon/450	{}
Where can I find a Hippopotas?	The location of Hippopotas is unknown.	https://pokeapi.co/api/v2/pokemon/450	{}
How much does Hippopotas weigh?	The average Hippopotas is about 49.5 kilograms.	https://pokeapi.co/api/v2/pokemon/450	{}
What color is a Hippopotas?	Usually, Hippopotas is brown.	https://pokeapi.co/api/v2/pokemon/450	{}
Tell me about Hippopotas.	It enshrouds itself with sand to protect itself from
germs. It does not enjoy getting wet.	https://pokeapi.co/api/v2/pokemon/450	{}
What type of Pokémon is Hippowdon?	Hippowdon is a ground Pokémon.	https://pokeapi.co/api/v2/pokemon/451	{}
How tall is Hippowdon?	Hippowdon is 2 meters tall.	https://pokeapi.co/api/v2/pokemon/451	{}
Where can I find a Hippowdon?	The location of Hippowdon is unknown.	https://pokeapi.co/api/v2/pokemon/451	{}
How much does Hippowdon weigh?	The average Hippowdon is about 300 kilograms.	https://pokeapi.co/api/v2/pokemon/451	{}
What color is a Hippowdon?	Usually, Hippowdon is brown.	https://pokeapi.co/api/v2/pokemon/451	{}
Tell me about Hippowdon.	It blasts internally stored sand from ports on its
body to create a towering twister for attack.	https://pokeapi.co/api/v2/pokemon/451	{}
What type of Pokémon is Skorupi?	Skorupi is a bug/poison Pokémon.	https://pokeapi.co/api/v2/pokemon/452	{}
How tall is Skorupi?	Skorupi is 0.8 meters tall.	https://pokeapi.co/api/v2/pokemon/452	{}
Where can I find a Skorupi?	The location of Skorupi is unknown.	https://pokeapi.co/api/v2/pokemon/452	{}
How much does Skorupi weigh?	The average Skorupi is about 12 kilograms.	https://pokeapi.co/api/v2/pokemon/452	{}
What color is a Skorupi?	Usually, Skorupi is purple.	https://pokeapi.co/api/v2/pokemon/452	{}
Tell me about Skorupi.	It burrows under the sand to lie in wait for prey.
Its tail claws can inject its prey with a
savage poison.	https://pokeapi.co/api/v2/pokemon/452	{}
What type of Pokémon is Drapion?	Drapion is a dark/poison Pokémon.	https://pokeapi.co/api/v2/pokemon/453	{}
How tall is Drapion?	Drapion is 1.3 meters tall.	https://pokeapi.co/api/v2/pokemon/453	{}
Where can I find a Drapion?	The location of Drapion is unknown.	https://pokeapi.co/api/v2/pokemon/453	{}
How much does Drapion weigh?	The average Drapion is about 61.5 kilograms.	https://pokeapi.co/api/v2/pokemon/453	{}
What color is a Drapion?	Usually, Drapion is purple.	https://pokeapi.co/api/v2/pokemon/453	{}
Tell me about Drapion.	It has the power in its clawed arms to make scrap
of a car. The tips of its claws release poison.	https://pokeapi.co/api/v2/pokemon/453	{}
What type of Pokémon is Croagunk?	Croagunk is a fighting/poison Pokémon.	https://pokeapi.co/api/v2/pokemon/454	{}
How tall is Croagunk?	Croagunk is 0.7 meters tall.	https://pokeapi.co/api/v2/pokemon/454	{}
Where can I find a Croagunk?	The location of Croagunk is unknown.	https://pokeapi.co/api/v2/pokemon/454	{}
How much does Croagunk weigh?	The average Croagunk is about 23 kilograms.	https://pokeapi.co/api/v2/pokemon/454	{}
What color is a Croagunk?	Usually, Croagunk is blue.	https://pokeapi.co/api/v2/pokemon/454	{}
Tell me about Croagunk.	Inflating its poison sacs, it fills the area with an odd
sound and hits flinching opponents with a
poison jab.	https://pokeapi.co/api/v2/pokemon/454	{}
What type of Pokémon is Toxicroak?	Toxicroak is a fighting/poison Pokémon.	https://pokeapi.co/api/v2/pokemon/455	{}
How tall is Toxicroak?	Toxicroak is 1.3 meters tall.	https://pokeapi.co/api/v2/pokemon/455	{}
Where can I find a Toxicroak?	The location of Toxicroak is unknown.	https://pokeapi.co/api/v2/pokemon/455	{}
How much does Toxicroak weigh?	The average Toxicroak is about 44.4 kilograms.	https://pokeapi.co/api/v2/pokemon/455	{}
What color is a Toxicroak?	Usually, Toxicroak is blue.	https://pokeapi.co/api/v2/pokemon/455	{}
Tell me about Toxicroak.	Its knuckle claws secrete a toxin so vile that even a
scratch could prove fatal.	https://pokeapi.co/api/v2/pokemon/455	{}
What type of Pokémon is Carnivine?	Carnivine is a grass Pokémon.	https://pokeapi.co/api/v2/pokemon/456	{}
How tall is Carnivine?	Carnivine is 1.4 meters tall.	https://pokeapi.co/api/v2/pokemon/456	{}
Where can I find a Carnivine?	The location of Carnivine is unknown.	https://pokeapi.co/api/v2/pokemon/456	{}
How much does Carnivine weigh?	The average Carnivine is about 27 kilograms.	https://pokeapi.co/api/v2/pokemon/456	{}
What color is a Carnivine?	Usually, Carnivine is green.	https://pokeapi.co/api/v2/pokemon/456	{}
Tell me about Carnivine.	It binds itself to trees in marshes. It attracts prey
with its sweet-smelling drool and gulps them down.	https://pokeapi.co/api/v2/pokemon/456	{}
What type of Pokémon is Finneon?	Finneon is a water Pokémon.	https://pokeapi.co/api/v2/pokemon/457	{}
How tall is Finneon?	Finneon is 0.4 meters tall.	https://pokeapi.co/api/v2/pokemon/457	{}
Where can I find a Finneon?	The location of Finneon is unknown.	https://pokeapi.co/api/v2/pokemon/457	{}
How much does Finneon weigh?	The average Finneon is about 7 kilograms.	https://pokeapi.co/api/v2/pokemon/457	{}
What color is a Finneon?	Usually, Finneon is blue.	https://pokeapi.co/api/v2/pokemon/457	{}
Tell me about Finneon.	When night falls, their pink patterns begin to
shine. They’re popular with divers, so there are
resorts that feed them to keep them close.	https://pokeapi.co/api/v2/pokemon/457	{}
What type of Pokémon is Lumineon?	Lumineon is a water Pokémon.	https://pokeapi.co/api/v2/pokemon/458	{}
How tall is Lumineon?	Lumineon is 1.2 meters tall.	https://pokeapi.co/api/v2/pokemon/458	{}
Where can I find a Lumineon?	The location of Lumineon is unknown.	https://pokeapi.co/api/v2/pokemon/458	{}
How much does Lumineon weigh?	The average Lumineon is about 24 kilograms.	https://pokeapi.co/api/v2/pokemon/458	{}
What color is a Lumineon?	Usually, Lumineon is blue.	https://pokeapi.co/api/v2/pokemon/458	{}
Tell me about Lumineon.	Deep down at the bottom of the ocean, prey is
scarce. Lumineon get into fierce disputes with
Lanturn over food.	https://pokeapi.co/api/v2/pokemon/458	{}
What type of Pokémon is Mantyke?	Mantyke is a flying/water Pokémon.	https://pokeapi.co/api/v2/pokemon/459	{}
How tall is Mantyke?	Mantyke is 1 meters tall.	https://pokeapi.co/api/v2/pokemon/459	{}
Where can I find a Mantyke?	The location of Mantyke is unknown.	https://pokeapi.co/api/v2/pokemon/459	{}
How much does Mantyke weigh?	The average Mantyke is about 65 kilograms.	https://pokeapi.co/api/v2/pokemon/459	{}
What color is a Mantyke?	Usually, Mantyke is blue.	https://pokeapi.co/api/v2/pokemon/459	{}
Tell me about Mantyke.	It’s highly friendly and easily tamed. Tours that
take people swimming with Mantyke are a
super-popular beach activity.	https://pokeapi.co/api/v2/pokemon/459	{}
What type of Pokémon is Snover?	Snover is a ice/grass Pokémon.	https://pokeapi.co/api/v2/pokemon/460	{}
How tall is Snover?	Snover is 1 meters tall.	https://pokeapi.co/api/v2/pokemon/460	{}
Where can I find a Snover?	The location of Snover is unknown.	https://pokeapi.co/api/v2/pokemon/460	{}
How much does Snover weigh?	The average Snover is about 50.5 kilograms.	https://pokeapi.co/api/v2/pokemon/460	{}
What color is a Snover?	Usually, Snover is white.	https://pokeapi.co/api/v2/pokemon/460	{}
Tell me about Snover.	In the spring, it grows berries with the texture of
frozen treats around its belly.	https://pokeapi.co/api/v2/pokemon/460	{}
What type of Pokémon is Abomasnow?	Abomasnow is a ice/grass Pokémon.	https://pokeapi.co/api/v2/pokemon/461	{}
How tall is Abomasnow?	Abomasnow is 2.2 meters tall.	https://pokeapi.co/api/v2/pokemon/461	{}
Where can I find a Abomasnow?	The location of Abomasnow is unknown.	https://pokeapi.co/api/v2/pokemon/461	{}
How much does Abomasnow weigh?	The average Abomasnow is about 135.5 kilograms.	https://pokeapi.co/api/v2/pokemon/461	{}
What color is a Abomasnow?	Usually, Abomasnow is white.	https://pokeapi.co/api/v2/pokemon/461	{}
Tell me about Abomasnow.	It lives a quiet life on mountains that are perpetually
covered in snow. It hides itself by whipping
up blizzards.	https://pokeapi.co/api/v2/pokemon/461	{}
What type of Pokémon is Weavile?	Weavile is a ice/dark Pokémon.	https://pokeapi.co/api/v2/pokemon/462	{}
How tall is Weavile?	Weavile is 1.1 meters tall.	https://pokeapi.co/api/v2/pokemon/462	{}
Where can I find a Weavile?	The location of Weavile is unknown.	https://pokeapi.co/api/v2/pokemon/462	{}
How much does Weavile weigh?	The average Weavile is about 34 kilograms.	https://pokeapi.co/api/v2/pokemon/462	{}
What color is a Weavile?	Usually, Weavile is black.	https://pokeapi.co/api/v2/pokemon/462	{}
Tell me about Weavile.	One Weavile will trip a Sandshrew and flip it
over, and then another Weavile will deal the
finishing blow with its sharp claws.	https://pokeapi.co/api/v2/pokemon/462	{}
What type of Pokémon is Magnezone?	Magnezone is a steel/electric Pokémon.	https://pokeapi.co/api/v2/pokemon/463	{}
How tall is Magnezone?	Magnezone is 1.2 meters tall.	https://pokeapi.co/api/v2/pokemon/463	{}
Where can I find a Magnezone?	The location of Magnezone is unknown.	https://pokeapi.co/api/v2/pokemon/463	{}
How much does Magnezone weigh?	The average Magnezone is about 180 kilograms.	https://pokeapi.co/api/v2/pokemon/463	{}
What color is a Magnezone?	Usually, Magnezone is gray.	https://pokeapi.co/api/v2/pokemon/463	{}
Tell me about Magnezone.	It uses radar to monitor its territory. Intruders
are quickly disposed of with a hyper beam.	https://pokeapi.co/api/v2/pokemon/463	{}
What type of Pokémon is Lickilicky?	Lickilicky is a normal Pokémon.	https://pokeapi.co/api/v2/pokemon/464	{}
How tall is Lickilicky?	Lickilicky is 1.7 meters tall.	https://pokeapi.co/api/v2/pokemon/464	{}
Where can I find a Lickilicky?	The location of Lickilicky is unknown.	https://pokeapi.co/api/v2/pokemon/464	{}
How much does Lickilicky weigh?	The average Lickilicky is about 140 kilograms.	https://pokeapi.co/api/v2/pokemon/464	{}
What color is a Lickilicky?	Usually, Lickilicky is pink.	https://pokeapi.co/api/v2/pokemon/464	{}
Tell me about Lickilicky.	A contest is under way to determine which one
can stick its tongue out the farthest. The
current record is...more than 82 feet.	https://pokeapi.co/api/v2/pokemon/464	{}
What type of Pokémon is Rhyperior?	Rhyperior is a rock/ground Pokémon.	https://pokeapi.co/api/v2/pokemon/465	{}
How tall is Rhyperior?	Rhyperior is 2.4 meters tall.	https://pokeapi.co/api/v2/pokemon/465	{}
Where can I find a Rhyperior?	The location of Rhyperior is unknown.	https://pokeapi.co/api/v2/pokemon/465	{}
How much does Rhyperior weigh?	The average Rhyperior is about 282.8 kilograms.	https://pokeapi.co/api/v2/pokemon/465	{}
What color is a Rhyperior?	Usually, Rhyperior is gray.	https://pokeapi.co/api/v2/pokemon/465	{}
Tell me about Rhyperior.	It puts rocks in holes in its palms and uses its
muscles to shoot them. Geodude are shot at
rare times.	https://pokeapi.co/api/v2/pokemon/465	{}
What type of Pokémon is Tangrowth?	Tangrowth is a grass Pokémon.	https://pokeapi.co/api/v2/pokemon/466	{}
How tall is Tangrowth?	Tangrowth is 2 meters tall.	https://pokeapi.co/api/v2/pokemon/466	{}
Where can I find a Tangrowth?	The location of Tangrowth is unknown.	https://pokeapi.co/api/v2/pokemon/466	{}
How much does Tangrowth weigh?	The average Tangrowth is about 128.6 kilograms.	https://pokeapi.co/api/v2/pokemon/466	{}
What color is a Tangrowth?	Usually, Tangrowth is blue.	https://pokeapi.co/api/v2/pokemon/466	{}
Tell me about Tangrowth.	Its vines grow so profusely that, in the warm
season, you can’t even see its eyes.	https://pokeapi.co/api/v2/pokemon/466	{}
What type of Pokémon is Electivire?	Electivire is a electric Pokémon.	https://pokeapi.co/api/v2/pokemon/467	{}
How tall is Electivire?	Electivire is 1.8 meters tall.	https://pokeapi.co/api/v2/pokemon/467	{}
Where can I find a Electivire?	The location of Electivire is unknown.	https://pokeapi.co/api/v2/pokemon/467	{}
How much does Electivire weigh?	The average Electivire is about 138.6 kilograms.	https://pokeapi.co/api/v2/pokemon/467	{}
What color is a Electivire?	Usually, Electivire is yellow.	https://pokeapi.co/api/v2/pokemon/467	{}
Tell me about Electivire.	It grips its tail, which spews electricity, and
then beats down opponents with the power of
its electrified fist.	https://pokeapi.co/api/v2/pokemon/467	{}
What type of Pokémon is Magmortar?	Magmortar is a fire Pokémon.	https://pokeapi.co/api/v2/pokemon/468	{}
How tall is Magmortar?	Magmortar is 1.6 meters tall.	https://pokeapi.co/api/v2/pokemon/468	{}
Where can I find a Magmortar?	The location of Magmortar is unknown.	https://pokeapi.co/api/v2/pokemon/468	{}
How much does Magmortar weigh?	The average Magmortar is about 68 kilograms.	https://pokeapi.co/api/v2/pokemon/468	{}
What color is a Magmortar?	Usually, Magmortar is red.	https://pokeapi.co/api/v2/pokemon/468	{}
Tell me about Magmortar.	There are still quite a few factories that rely on
the flames provided by Magmortar to
process metals.	https://pokeapi.co/api/v2/pokemon/468	{}
What type of Pokémon is Togekiss?	Togekiss is a flying/fairy Pokémon.	https://pokeapi.co/api/v2/pokemon/469	{}
How tall is Togekiss?	Togekiss is 1.5 meters tall.	https://pokeapi.co/api/v2/pokemon/469	{}
Where can I find a Togekiss?	The location of Togekiss is unknown.	https://pokeapi.co/api/v2/pokemon/469	{}
How much does Togekiss weigh?	The average Togekiss is about 38 kilograms.	https://pokeapi.co/api/v2/pokemon/469	{}
What color is a Togekiss?	Usually, Togekiss is white.	https://pokeapi.co/api/v2/pokemon/469	{}
Tell me about Togekiss.	It shares many blessings with people who respect
one another’s rights and avoid needless strife.	https://pokeapi.co/api/v2/pokemon/469	{}
What type of Pokémon is Yanmega?	Yanmega is a flying/bug Pokémon.	https://pokeapi.co/api/v2/pokemon/470	{}
How tall is Yanmega?	Yanmega is 1.9 meters tall.	https://pokeapi.co/api/v2/pokemon/470	{}
Where can I find a Yanmega?	The location of Yanmega is unknown.	https://pokeapi.co/api/v2/pokemon/470	{}
How much does Yanmega weigh?	The average Yanmega is about 51.5 kilograms.	https://pokeapi.co/api/v2/pokemon/470	{}
What color is a Yanmega?	Usually, Yanmega is green.	https://pokeapi.co/api/v2/pokemon/470	{}
Tell me about Yanmega.	This six-legged Pokémon is easily capable of
transporting an adult in flight. The wings on its tail
help it stay balanced.	https://pokeapi.co/api/v2/pokemon/470	{}
What type of Pokémon is Leafeon?	Leafeon is a grass Pokémon.	https://pokeapi.co/api/v2/pokemon/471	{}
How tall is Leafeon?	Leafeon is 1 meters tall.	https://pokeapi.co/api/v2/pokemon/471	{}
Where can I find a Leafeon?	The location of Leafeon is unknown.	https://pokeapi.co/api/v2/pokemon/471	{}
How much does Leafeon weigh?	The average Leafeon is about 25.5 kilograms.	https://pokeapi.co/api/v2/pokemon/471	{}
What color is a Leafeon?	Usually, Leafeon is green.	https://pokeapi.co/api/v2/pokemon/471	{}
Tell me about Leafeon.	Although it doesn’t like disputes, it will sharpen
the leaf on its tail into a blade and fight if it has
to protect its friends.	https://pokeapi.co/api/v2/pokemon/471	{}
What type of Pokémon is Glaceon?	Glaceon is a ice Pokémon.	https://pokeapi.co/api/v2/pokemon/472	{}
How tall is Glaceon?	Glaceon is 0.8 meters tall.	https://pokeapi.co/api/v2/pokemon/472	{}
Where can I find a Glaceon?	The location of Glaceon is unknown.	https://pokeapi.co/api/v2/pokemon/472	{}
How much does Glaceon weigh?	The average Glaceon is about 25.9 kilograms.	https://pokeapi.co/api/v2/pokemon/472	{}
What color is a Glaceon?	Usually, Glaceon is blue.	https://pokeapi.co/api/v2/pokemon/472	{}
Tell me about Glaceon.	It protects itself by freezing its fur into sharp
needles. It can drop its body temperature below
–75 degrees Fahrenheit.	https://pokeapi.co/api/v2/pokemon/472	{}
What type of Pokémon is Gliscor?	Gliscor is a flying/ground Pokémon.	https://pokeapi.co/api/v2/pokemon/473	{}
How tall is Gliscor?	Gliscor is 2 meters tall.	https://pokeapi.co/api/v2/pokemon/473	{}
Where can I find a Gliscor?	The location of Gliscor is unknown.	https://pokeapi.co/api/v2/pokemon/473	{}
How much does Gliscor weigh?	The average Gliscor is about 42.5 kilograms.	https://pokeapi.co/api/v2/pokemon/473	{}
What color is a Gliscor?	Usually, Gliscor is purple.	https://pokeapi.co/api/v2/pokemon/473	{}
Tell me about Gliscor.	Its flight is soundless. It uses its lengthy tail to
carry off its prey... Then its elongated fangs do
the rest.	https://pokeapi.co/api/v2/pokemon/473	{}
What type of Pokémon is Mamoswine?	Mamoswine is a ground/ice Pokémon.	https://pokeapi.co/api/v2/pokemon/474	{}
How tall is Mamoswine?	Mamoswine is 2.5 meters tall.	https://pokeapi.co/api/v2/pokemon/474	{}
Where can I find a Mamoswine?	The location of Mamoswine is unknown.	https://pokeapi.co/api/v2/pokemon/474	{}
How much does Mamoswine weigh?	The average Mamoswine is about 291 kilograms.	https://pokeapi.co/api/v2/pokemon/474	{}
What color is a Mamoswine?	Usually, Mamoswine is brown.	https://pokeapi.co/api/v2/pokemon/474	{}
Tell me about Mamoswine.	Its impressive tusks are made of ice. The population
thinned when it turned warm after the ice age.	https://pokeapi.co/api/v2/pokemon/474	{}
What type of Pokémon is Porygon-Z?	Porygon-Z is a normal Pokémon.	https://pokeapi.co/api/v2/pokemon/475	{}
How tall is Porygon-Z?	Porygon-Z is 0.9 meters tall.	https://pokeapi.co/api/v2/pokemon/475	{}
Where can I find a Porygon-Z?	The location of Porygon-Z is unknown.	https://pokeapi.co/api/v2/pokemon/475	{}
How much does Porygon-Z weigh?	The average Porygon-Z is about 34 kilograms.	https://pokeapi.co/api/v2/pokemon/475	{}
What color is a Porygon-Z?	Usually, Porygon-Z is red.	https://pokeapi.co/api/v2/pokemon/475	{}
Tell me about Porygon-Z.	Its behavior is noticeably unstable, which is
apparently due to the incompetence of the
engineer who updated its programming.	https://pokeapi.co/api/v2/pokemon/475	{}
What type of Pokémon is Gallade?	Gallade is a fighting/psychic Pokémon.	https://pokeapi.co/api/v2/pokemon/476	{}
How tall is Gallade?	Gallade is 1.6 meters tall.	https://pokeapi.co/api/v2/pokemon/476	{}
Where can I find a Gallade?	The location of Gallade is unknown.	https://pokeapi.co/api/v2/pokemon/476	{}
How much does Gallade weigh?	The average Gallade is about 52 kilograms.	https://pokeapi.co/api/v2/pokemon/476	{}
What color is a Gallade?	Usually, Gallade is white.	https://pokeapi.co/api/v2/pokemon/476	{}
Tell me about Gallade.	A master of courtesy and swordsmanship, it fights
using extending swords on its elbows.	https://pokeapi.co/api/v2/pokemon/476	{}
What type of Pokémon is Probopass?	Probopass is a steel/rock Pokémon.	https://pokeapi.co/api/v2/pokemon/477	{}
How tall is Probopass?	Probopass is 1.4 meters tall.	https://pokeapi.co/api/v2/pokemon/477	{}
Where can I find a Probopass?	The location of Probopass is unknown.	https://pokeapi.co/api/v2/pokemon/477	{}
How much does Probopass weigh?	The average Probopass is about 340 kilograms.	https://pokeapi.co/api/v2/pokemon/477	{}
What color is a Probopass?	Usually, Probopass is gray.	https://pokeapi.co/api/v2/pokemon/477	{}
Tell me about Probopass.	Although it can control its units known as
Mini-Noses, they sometimes get lost and don’t
come back.	https://pokeapi.co/api/v2/pokemon/477	{}
What type of Pokémon is Dusknoir?	Dusknoir is a ghost Pokémon.	https://pokeapi.co/api/v2/pokemon/478	{}
How tall is Dusknoir?	Dusknoir is 2.2 meters tall.	https://pokeapi.co/api/v2/pokemon/478	{}
Where can I find a Dusknoir?	The location of Dusknoir is unknown.	https://pokeapi.co/api/v2/pokemon/478	{}
How much does Dusknoir weigh?	The average Dusknoir is about 106.6 kilograms.	https://pokeapi.co/api/v2/pokemon/478	{}
What color is a Dusknoir?	Usually, Dusknoir is black.	https://pokeapi.co/api/v2/pokemon/478	{}
Tell me about Dusknoir.	The antenna on its head captures radio waves from
the world of spirits that command it to take
people there.	https://pokeapi.co/api/v2/pokemon/478	{}
What type of Pokémon is Froslass?	Froslass is a ghost/ice Pokémon.	https://pokeapi.co/api/v2/pokemon/479	{}
How tall is Froslass?	Froslass is 1.3 meters tall.	https://pokeapi.co/api/v2/pokemon/479	{}
Where can I find a Froslass?	The location of Froslass is unknown.	https://pokeapi.co/api/v2/pokemon/479	{}
How much does Froslass weigh?	The average Froslass is about 26.6 kilograms.	https://pokeapi.co/api/v2/pokemon/479	{}
What color is a Froslass?	Usually, Froslass is white.	https://pokeapi.co/api/v2/pokemon/479	{}
Tell me about Froslass.	It freezes hikers who have come to climb snowy
mountains and carries them back to its home. It
only goes after men it thinks are handsome.	https://pokeapi.co/api/v2/pokemon/479	{}
What type of Pokémon is Rotom?	Rotom is a ghost/electric Pokémon.	https://pokeapi.co/api/v2/pokemon/480	{}
How tall is Rotom?	Rotom is 0.3 meters tall.	https://pokeapi.co/api/v2/pokemon/480	{}
Where can I find a Rotom?	The location of Rotom is unknown.	https://pokeapi.co/api/v2/pokemon/480	{}
How much does Rotom weigh?	The average Rotom is about 0.3 kilograms.	https://pokeapi.co/api/v2/pokemon/480	{}
What color is a Rotom?	Usually, Rotom is red.	https://pokeapi.co/api/v2/pokemon/480	{}
Tell me about Rotom.	Its body is composed of plasma. It is known to
infiltrate electronic devices and wreak havoc.	https://pokeapi.co/api/v2/pokemon/480	{}
What type of Pokémon is Uxie?	Uxie is a psychic Pokémon.	https://pokeapi.co/api/v2/pokemon/481	{}
How tall is Uxie?	Uxie is 0.3 meters tall.	https://pokeapi.co/api/v2/pokemon/481	{}
Where can I find a Uxie?	The location of Uxie is unknown.	https://pokeapi.co/api/v2/pokemon/481	{}
How much does Uxie weigh?	The average Uxie is about 0.3 kilograms.	https://pokeapi.co/api/v2/pokemon/481	{}
What color is a Uxie?	Usually, Uxie is yellow.	https://pokeapi.co/api/v2/pokemon/481	{}
Tell me about Uxie.	It is said that its emergence gave humans the
intelligence to improve their quality of life.	https://pokeapi.co/api/v2/pokemon/481	{}
What type of Pokémon is Mesprit?	Mesprit is a psychic Pokémon.	https://pokeapi.co/api/v2/pokemon/482	{}
How tall is Mesprit?	Mesprit is 0.3 meters tall.	https://pokeapi.co/api/v2/pokemon/482	{}
Where can I find a Mesprit?	The location of Mesprit is unknown.	https://pokeapi.co/api/v2/pokemon/482	{}
How much does Mesprit weigh?	The average Mesprit is about 0.3 kilograms.	https://pokeapi.co/api/v2/pokemon/482	{}
What color is a Mesprit?	Usually, Mesprit is pink.	https://pokeapi.co/api/v2/pokemon/482	{}
Tell me about Mesprit.	It sleeps at the bottom of a lake. Its spirit is said to
leave its body to fly on the lake’s surface.	https://pokeapi.co/api/v2/pokemon/482	{}
What type of Pokémon is Azelf?	Azelf is a psychic Pokémon.	https://pokeapi.co/api/v2/pokemon/483	{}
How tall is Azelf?	Azelf is 0.3 meters tall.	https://pokeapi.co/api/v2/pokemon/483	{}
Where can I find a Azelf?	The location of Azelf is unknown.	https://pokeapi.co/api/v2/pokemon/483	{}
How much does Azelf weigh?	The average Azelf is about 0.3 kilograms.	https://pokeapi.co/api/v2/pokemon/483	{}
What color is a Azelf?	Usually, Azelf is blue.	https://pokeapi.co/api/v2/pokemon/483	{}
Tell me about Azelf.	It is thought that Uxie, Mesprit, and Azelf all came
from the same egg.	https://pokeapi.co/api/v2/pokemon/483	{}
What type of Pokémon is Dialga?	Dialga is a dragon/steel Pokémon.	https://pokeapi.co/api/v2/pokemon/484	{}
How tall is Dialga?	Dialga is 5.4 meters tall.	https://pokeapi.co/api/v2/pokemon/484	{}
Where can I find a Dialga?	The location of Dialga is unknown.	https://pokeapi.co/api/v2/pokemon/484	{}
How much does Dialga weigh?	The average Dialga is about 683 kilograms.	https://pokeapi.co/api/v2/pokemon/484	{}
What color is a Dialga?	Usually, Dialga is white.	https://pokeapi.co/api/v2/pokemon/484	{}
Tell me about Dialga.	It has the power to control time. It appears in
Sinnoh-region myths as an ancient deity.	https://pokeapi.co/api/v2/pokemon/484	{}
What type of Pokémon is Palkia?	Palkia is a dragon/water Pokémon.	https://pokeapi.co/api/v2/pokemon/485	{}
How tall is Palkia?	Palkia is 4.2 meters tall.	https://pokeapi.co/api/v2/pokemon/485	{}
Where can I find a Palkia?	The location of Palkia is unknown.	https://pokeapi.co/api/v2/pokemon/485	{}
How much does Palkia weigh?	The average Palkia is about 336 kilograms.	https://pokeapi.co/api/v2/pokemon/485	{}
What color is a Palkia?	Usually, Palkia is purple.	https://pokeapi.co/api/v2/pokemon/485	{}
Tell me about Palkia.	It has the ability to distort space. It is described as
a deity in Sinnoh-region mythology.	https://pokeapi.co/api/v2/pokemon/485	{}
What type of Pokémon is Heatran?	Heatran is a steel/fire Pokémon.	https://pokeapi.co/api/v2/pokemon/486	{}
How tall is Heatran?	Heatran is 1.7 meters tall.	https://pokeapi.co/api/v2/pokemon/486	{}
Where can I find a Heatran?	The location of Heatran is unknown.	https://pokeapi.co/api/v2/pokemon/486	{}
How much does Heatran weigh?	The average Heatran is about 430 kilograms.	https://pokeapi.co/api/v2/pokemon/486	{}
What color is a Heatran?	Usually, Heatran is brown.	https://pokeapi.co/api/v2/pokemon/486	{}
Tell me about Heatran.	Boiling blood, like magma, circulates through its
body. It makes its dwelling place in volcanic caves.	https://pokeapi.co/api/v2/pokemon/486	{}
What type of Pokémon is Regigigas?	Regigigas is a normal Pokémon.	https://pokeapi.co/api/v2/pokemon/487	{}
How tall is Regigigas?	Regigigas is 3.7 meters tall.	https://pokeapi.co/api/v2/pokemon/487	{}
Where can I find a Regigigas?	The location of Regigigas is unknown.	https://pokeapi.co/api/v2/pokemon/487	{}
How much does Regigigas weigh?	The average Regigigas is about 420 kilograms.	https://pokeapi.co/api/v2/pokemon/487	{}
What color is a Regigigas?	Usually, Regigigas is white.	https://pokeapi.co/api/v2/pokemon/487	{}
Tell me about Regigigas.	There is an enduring legend that states this
Pokémon towed continents with ropes.	https://pokeapi.co/api/v2/pokemon/487	{}
What type of Pokémon is Giratina?	Giratina is a dragon/ghost Pokémon.	https://pokeapi.co/api/v2/pokemon/488	{}
How tall is Giratina?	Giratina is 4.5 meters tall.	https://pokeapi.co/api/v2/pokemon/488	{}
Where can I find a Giratina?	The location of Giratina is unknown.	https://pokeapi.co/api/v2/pokemon/488	{}
How much does Giratina weigh?	The average Giratina is about 750 kilograms.	https://pokeapi.co/api/v2/pokemon/488	{}
What color is a Giratina?	Usually, Giratina is black.	https://pokeapi.co/api/v2/pokemon/488	{}
Tell me about Giratina.	It was banished for its violence. It silently gazed
upon the old world from the Distortion World.	https://pokeapi.co/api/v2/pokemon/488	{}
What type of Pokémon is Cresselia?	Cresselia is a psychic Pokémon.	https://pokeapi.co/api/v2/pokemon/489	{}
How tall is Cresselia?	Cresselia is 1.5 meters tall.	https://pokeapi.co/api/v2/pokemon/489	{}
Where can I find a Cresselia?	The location of Cresselia is unknown.	https://pokeapi.co/api/v2/pokemon/489	{}
How much does Cresselia weigh?	The average Cresselia is about 85.6 kilograms.	https://pokeapi.co/api/v2/pokemon/489	{}
What color is a Cresselia?	Usually, Cresselia is yellow.	https://pokeapi.co/api/v2/pokemon/489	{}
Tell me about Cresselia.	Those who sleep holding Cresselia’s feather are
assured of joyful dreams. It is said to represent
the crescent moon.	https://pokeapi.co/api/v2/pokemon/489	{}
What type of Pokémon is Phione?	Phione is a water Pokémon.	https://pokeapi.co/api/v2/pokemon/490	{}
How tall is Phione?	Phione is 0.4 meters tall.	https://pokeapi.co/api/v2/pokemon/490	{}
Where can I find a Phione?	The location of Phione is unknown.	https://pokeapi.co/api/v2/pokemon/490	{}
How much does Phione weigh?	The average Phione is about 3.1 kilograms.	https://pokeapi.co/api/v2/pokemon/490	{}
What color is a Phione?	Usually, Phione is blue.	https://pokeapi.co/api/v2/pokemon/490	{}
Tell me about Phione.	It drifts in warm seas. It always returns to where it
was born, no matter how far it may have drifted.	https://pokeapi.co/api/v2/pokemon/490	{}
What type of Pokémon is Manaphy?	Manaphy is a water Pokémon.	https://pokeapi.co/api/v2/pokemon/491	{}
How tall is Manaphy?	Manaphy is 0.3 meters tall.	https://pokeapi.co/api/v2/pokemon/491	{}
Where can I find a Manaphy?	The location of Manaphy is unknown.	https://pokeapi.co/api/v2/pokemon/491	{}
How much does Manaphy weigh?	The average Manaphy is about 1.4 kilograms.	https://pokeapi.co/api/v2/pokemon/491	{}
What color is a Manaphy?	Usually, Manaphy is blue.	https://pokeapi.co/api/v2/pokemon/491	{}
Tell me about Manaphy.	It starts its life with a wondrous power that permits
it to bond with any kind of Pokémon.	https://pokeapi.co/api/v2/pokemon/491	{}
What type of Pokémon is Darkrai?	Darkrai is a dark Pokémon.	https://pokeapi.co/api/v2/pokemon/492	{}
How tall is Darkrai?	Darkrai is 1.5 meters tall.	https://pokeapi.co/api/v2/pokemon/492	{}
Where can I find a Darkrai?	The location of Darkrai is unknown.	https://pokeapi.co/api/v2/pokemon/492	{}
How much does Darkrai weigh?	The average Darkrai is about 50.5 kilograms.	https://pokeapi.co/api/v2/pokemon/492	{}
What color is a Darkrai?	Usually, Darkrai is black.	https://pokeapi.co/api/v2/pokemon/492	{}
Tell me about Darkrai.	It can lull people to sleep and make them dream.
It is active during nights of the new moon.	https://pokeapi.co/api/v2/pokemon/492	{}
What type of Pokémon is Shaymin?	Shaymin is a grass Pokémon.	https://pokeapi.co/api/v2/pokemon/493	{}
How tall is Shaymin?	Shaymin is 0.2 meters tall.	https://pokeapi.co/api/v2/pokemon/493	{}
Where can I find a Shaymin?	The location of Shaymin is unknown.	https://pokeapi.co/api/v2/pokemon/493	{}
How much does Shaymin weigh?	The average Shaymin is about 2.1 kilograms.	https://pokeapi.co/api/v2/pokemon/493	{}
What color is a Shaymin?	Usually, Shaymin is green.	https://pokeapi.co/api/v2/pokemon/493	{}
Tell me about Shaymin.	The blooming of Gracidea flowers confers the
power of flight upon it. Feelings of gratitude are
the message it delivers.	https://pokeapi.co/api/v2/pokemon/493	{}
What type of Pokémon is Arceus?	Arceus is a normal Pokémon.	https://pokeapi.co/api/v2/pokemon/494	{}
How tall is Arceus?	Arceus is 3.2 meters tall.	https://pokeapi.co/api/v2/pokemon/494	{}
Where can I find a Arceus?	The location of Arceus is unknown.	https://pokeapi.co/api/v2/pokemon/494	{}
How much does Arceus weigh?	The average Arceus is about 320 kilograms.	https://pokeapi.co/api/v2/pokemon/494	{}
What color is a Arceus?	Usually, Arceus is white.	https://pokeapi.co/api/v2/pokemon/494	{}
Tell me about Arceus.	It is told in mythology that this Pokémon was born
before the universe even existed.	https://pokeapi.co/api/v2/pokemon/494	{}
